slug,nome,fazione_villaggio,fazione_lupi,fazione_indipendente,fazione_sconosciuto,simbolo_speciale (nome file icona, vuoto se nessuno),potere_mortali,potere_nonMortali,potere_passivo,potere_primaNotte,potere_ogniNotte,potere_rivela,potere_tocca
addolorata,Addolorata,X,,,,,,X,,,X,,
alchimista,Alchimista,X,,,,,X,,,,,X,
ambasciatore,Ambasciatore,X,,,,,,,X,,,,
apprendista,Apprendista,X,,,,,,,,X,,X,X
bardo,Bardo,X,,,,,,,,X,,,
berserker,Berserker,X,,,,,X,,X,,,,
boia,Boia,X,,,,,X,,,,,X,
borgomastro,Borgomastro,X,,,,,,,X,,,X,X
cartomante,Cartomante,X,,,,,,X,,,X,,X
cavaliere,Cavaliere,X,,,,,,,,X,,X,
chupacabra,Chupacabra,,,X,,icona_fazione_chupacabra,X,,,,X,,
cortigiana,Cortigiana,X,,,,,,X,,,X,,
criceto-malvagio,Criceto Malvagio,,,X,,icona_fazione_criceto_malvagio,,,X,,,,
cucciolo-di-lupo-mannaro,Cucciolo di Lupo Mannaro,,X,,,,X,,X,,X,,
eremita,Eremita,X,,,,,,,X,,,,
fantasma-onnisciente,Fantasma Onnisciente,X,,,,,,,,,,,X
fattucchiera,Fattucchiera,X,,,,,,X,,,X,,
figlia-dei-lupi,Figlia dei Lupi,,,,X,,,,,X,,,
gallo-mannaro,Gallo Mannaro,,X,,,,,,,X,,,
guardia,Guardia,X,,,,,,,,X,,,
guardia-mannara,Guardia Mannara,,X,,,,,,,X,,,
guaritore,Guaritore,X,,,,,,X,,,X,,X
innocente,Innocente,X,,,,,,,,,,X,
inquisitore,Inquisitore,X,,,,,,X,,,X,,
lantico,L'Antico,X,,,,,,,X,,,X,
ladro,Ladro,,,,X,,,,,X,,,X
lupo-mannaro,Lupo Mannaro,,X,,,,X,,,,X,,
lupo-mannaro-capobranco,Lupo Mannaro Capobranco,,X,,,icona_fazione_lupo_mannaro_capobranco,X,,X,,X,,
lupo-mannaro-progenitore,Lupo Mannaro Progenitore,,X,,,,X,,,,X,,
maga,Maga,X,,,,,,X,,,X,,
medium,Medium,X,,,,,,X,,,X,,X
mezzosangue,Mezzosangue,X,,,,,,,X,,,,
mimo,Mimo,,,,X,,,,,X,,,
mucca-mannara,Mucca Mannara,,X,,,,,,,X,,,
nano,Nano,X,,,,,,,X,,,,
nonna,Nonna,,X,,,,X,,X,,X,,
paladino,Paladino,X,,,,,,X,,,X,,
pastore,Pastore,X,,,,,,,X,,,,
pifferaio,Pifferaio,,,X,,icona_fazione_pifferaio,,X,,,X,,
polpo-mannaro,Polpo Mannaro,,X,,,,,,X,,,,
sacerdote,Sacerdote,X,,,,,,,,X,,,
scemo-del-villaggio,Scemo del Villaggio,X,,,,,,,X,,,,
sciacallo-mannaro,Sciacallo Mannaro,,X,,,,,X,,,X,,X
spilungone,Spilungone,X,,,,,,,X,,,X,
strega,Strega,X,,,,,X,X,,,X,,
suocera,Suocera,X,,,,,,,X,,,X,
ubriaco,Ubriaco,X,,,,,,,X,,,,
untore,Untore,X,,,,,,X,,,X,,
veggente,Veggente,X,,,,,,X,,,X,,
veggente-mannaro,Veggente Mannaro,,X,,,,,X,,,X,,
villico,Villico,X,,,,,,,,,,,
